Cesar Cordeiro;cammcordeiro
Jonatha R; Jhooreis
Vitor Figueira;vitorfigaru
Mariana; marianaburato
Henrique; Simfrone
Marina; marinavvermelho
Lorrana; lorranaldz
Bruna Palese; brunaptl
Ian Moreira Souza; IanMoreiraw2
Wendel Dias; Wendel-dias
Paula Machado; paula-machado-araujo
Luciana Botacim; Luciana-botacim
Maria Eduarda; Dudapaivaj05
Nayra Bento Côgo; nayrabento
Camila Priante; CamilaPriante
Adriane Baudson do Nascimento; AdrianeBaudson
Hanny Beatriz de Brito Cavalcanti
Juan Camilo Rojas; Juancamilorojas317
